{"0": 0.010832055565007128, "1": 0.012508579504396232, "2": 0.014738731760411595, "3": 0.016064861149581652, "4": 0.011069123094429202, "5": 0.010037072820306095, "6": 0.013464445380671373, "7": 0.015164702218245438, "8": 0.009284531701565034, "9": 0.011157617944911331, "10": 0.014844093596039777, "11": 0.01729010541386852, "12": 0.010233526559039339, "13": 0.013045052545700236, "14": 0.010462140384191814, "15": 0.01751433963255939, "16": 0.012052043511464241, "17": 0.01294360215007661, "18": 0.015313179010159949, "19": 0.015098116034903183, "20": 0.008582776477583416, "21": 0.010484987575691256, "22": 0.012067865920105635, "23": 0.013882938596529995, "24": 0.009808977268625117, "25": 0.012359597751264084, "26": 0.01317304665968583, "27": 0.018682612016858297, "28": 0.010224539884933007, "29": 0.011699032790591425, "30": 0.012659041134114632, "31": 0.014090292985310714, "32": 0.016858269187734146, "33": 0.019331198212479982, "34": 0.021091887816206644, "35": 0.026872641499780723, "36": 0.015669103327684758, "37": 0.016152705139604318, "38": 0.016190029237698224, "39": 0.023098906264611765, "40": 0.018515991492604415, "41": 0.018016537764002628, "42": 0.020502753311573512, "43": 0.023611283904360198, "44": 0.013222430677275746, "45": 0.017061366267760846, "46": 0.019617359683767065, "47": 0.022470005865743665, "48": 0.017346012285256684, "49": 0.019996495663344067, "50": 0.01796163017374548, "51": 0.021954744494505383, "52": 0.009356441235945945, "53": 0.015230353071218441, "54": 0.01652262068782209, "55": 0.020924664735243313, "56": 0.016156557651052363, "57": 0.018259857349229948, "58": 0.01985380314183033, "59": 0.018883972768576993, "60": 0.01113621659200078, "61": 0.016323390057069107, "62": 0.020327373104991848, "63": 0.020649768296457045}