{"0": 0.014662563331285308, "1": 0.013477064060061546, "2": 0.01265066656447994, "3": 0.01311834165805484, "4": 0.012031068835110847, "5": 0.01306762969949965, "6": 0.014172407210227594, "7": 0.01424075841809616, "8": 0.017495950283461927, "9": 0.011781895413477163, "10": 0.012251667808267391, "11": 0.013888513197038148, "12": 0.014345373927517165, "13": 0.013462156325729929, "14": 0.01334020375243318, "15": 0.012984790548803391, "16": 0.013241859013103019, "17": 0.015210354853333071, "18": 0.012963799892039652, "19": 0.013886835357690667, "20": 0.013139555302610989, "21": 0.01293949313795834, "22": 0.011720022016974672, "23": 0.013803493923223876, "24": 0.016149550179395355, "25": 0.010886387595802677, "26": 0.013571018615946265, "27": 0.013133492548238354, "28": 0.014448887710498893, "29": 0.011475445409332811, "30": 0.01069103620221528, "31": 0.011721232496415275, "32": 0.018947893963601817, "33": 0.01820596021763909, "34": 0.01639927742685758, "35": 0.015783162923856984, "36": 0.018122707593322837, "37": 0.014762586656426319, "38": 0.01729791546115812, "39": 0.02184921464508771, "40": 0.018937437066915478, "41": 0.015854188404241385, "42": 0.019571066537443015, "43": 0.016374635334797782, "44": 0.017160973690252476, "45": 0.01841772534113951, "46": 0.020837028064343205, "47": 0.019029490928783695, "48": 0.022513742112060187, "49": 0.01830785120545232, "50": 0.01974009037055068, "51": 0.014340803752327592, "52": 0.01855865539845235, "53": 0.017001418263711564, "54": 0.017789724773499903, "55": 0.016257027989720164, "56": 0.02222756887528541, "57": 0.01863124006259079, "58": 0.01482183993973509, "59": 0.017571756156477592, "60": 0.017775527130474058, "61": 0.016714174303308096, "62": 0.018058535310837634, "63": 0.01618526481132614}