{"0": 0.013092397204819578, "1": 0.01067895931443761, "2": 0.014892982610018141, "3": 0.012593283843316063, "4": 0.013542284592359776, "5": 0.0126695083477982, "6": 0.013550720061522538, "7": 0.009821279668972074, "8": 0.013811878209818043, "9": 0.01634170736029262, "10": 0.011366946011557327, "11": 0.009794046071025396, "12": 0.015621679060726716, "13": 0.013355655899175561, "14": 0.013412746898316, "15": 0.012755635241433666, "16": 0.01455782753621478, "17": 0.012296568436416636, "18": 0.009767697069894214, "19": 0.011266455868675912, "20": 0.01391548697795953, "21": 0.013023597856985517, "22": 0.01084033731089732, "23": 0.013047107810346176, "24": 0.010474947578229768, "25": 0.011279536446293021, "26": 0.013199421472513918, "27": 0.011857295608729009, "28": 0.012202855555403973, "29": 0.010857197042335264, "30": 0.012000701077687366, "31": 0.011643631356107444, "32": 0.022364388665921574, "33": 0.022043772574391815, "34": 0.021131203148076413, "35": 0.01741380491289493, "36": 0.020521557446180855, "37": 0.01748121770619362, "38": 0.021981198268980855, "39": 0.020568457955923988, "40": 0.019861302420131056, "41": 0.020826684901289673, "42": 0.016265600442404847, "43": 0.023033800036193656, "44": 0.014612631439834703, "45": 0.01901964658007236, "46": 0.015805283372037238, "47": 0.019621830605217824, "48": 0.018037076870657826, "49": 0.02032929648926037, "50": 0.017837875894933918, "51": 0.017387460253875175, "52": 0.01796448113606703, "53": 0.020850199316947496, "54": 0.019854292922261877, "55": 0.015449065674126988, "56": 0.01621983222637795, "57": 0.019167080401803687, "58": 0.016329928229237657, "59": 0.01938097603783432, "60": 0.016815230505626153, "61": 0.016863926740148985, "62": 0.015280509507468966, "63": 0.020148011917346983}