{"0": 0.011180365608531103, "1": 0.01016838710255546, "2": 0.012188278971182758, "3": 0.009689599660134005, "4": 0.010885098982845324, "5": 0.014067098262979534, "6": 0.009995152835073852, "7": 0.010732955890977338, "8": 0.012374275192484265, "9": 0.00875896462933146, "10": 0.013043302841165172, "11": 0.013151072754171624, "12": 0.013744678202730575, "13": 0.009168989710305418, "14": 0.010611346775399707, "15": 0.012054039675806228, "16": 0.01279808178648669, "17": 0.012088135370457753, "18": 0.01384275841663381, "19": 0.011338736883423482, "20": 0.011703643754070533, "21": 0.014639694435532665, "22": 0.011354357497271733, "23": 0.01295074272144145, "24": 0.008906409451923223, "25": 0.013515174388363551, "26": 0.009281129402311124, "27": 0.013932350720519683, "28": 0.007993630575032464, "29": 0.01010413661663887, "30": 0.008050992572541674, "31": 0.010130225264090525, "32": 0.021679759323323874, "33": 0.018054776386431312, "34": 0.020586444207862157, "35": 0.02178942797353988, "36": 0.018539821600188747, "37": 0.0207045918805833, "38": 0.02135882271791011, "39": 0.02100181833011945, "40": 0.02025385461315492, "41": 0.024251607145614914, "42": 0.020828637552688982, "43": 0.017991941068449348, "44": 0.022218525196054818, "45": 0.022405433874134153, "46": 0.01868318654454297, "47": 0.01692005096003771, "48": 0.018499501107424068, "49": 0.020827755653551976, "50": 0.019239653097223065, "51": 0.022465432273496625, "52": 0.016260136183040678, "53": 0.02006301894455993, "54": 0.020442672292087325, "55": 0.024938330363829572, "56": 0.01792565621630967, "57": 0.01984599831916222, "58": 0.017135805425618756, "59": 0.02032283100062618, "60": 0.01446447854414013, "61": 0.020042023369877957, "62": 0.016165087617491327, "63": 0.019649113264510822}