{"0": 0.017416014177449306, "1": 0.014004607865759433, "2": 0.016417189536037675, "3": 0.015124215909603798, "4": 0.014269466994486196, "5": 0.016465988121012697, "6": 0.01526987439031341, "7": 0.01383303756662659, "8": 0.015000261933146188, "9": 0.013111701068268446, "10": 0.016194340704179123, "11": 0.014196339175180287, "12": 0.015481790375420598, "13": 0.015073185009503607, "14": 0.015452962218821075, "15": 0.013555278446682676, "16": 0.015897233683711095, "17": 0.015730285465464997, "18": 0.015299706296528335, "19": 0.012921698392802753, "20": 0.016102929809310218, "21": 0.01477013387297714, "22": 0.014785588428955606, "23": 0.014951326378252302, "24": 0.015964770696601877, "25": 0.015827806125177053, "26": 0.016597214093227834, "27": 0.015346281769054913, "28": 0.0157052033251337, "29": 0.015183527235041948, "30": 0.014509086803964184, "31": 0.014360895455340748, "32": 0.01778327141373143, "33": 0.016044592306447787, "34": 0.01697508186511427, "35": 0.017053535157704736, "36": 0.016156392224993932, "37": 0.015244122950401538, "38": 0.01770839067070126, "39": 0.0145591833155965, "40": 0.018168382004482873, "41": 0.016863065191915414, "42": 0.018172413744310768, "43": 0.015821588338898403, "44": 0.014823285974238985, "45": 0.014214162029078622, "46": 0.0160037217673708, "47": 0.017176342872430632, "48": 0.016045586601650237, "49": 0.015553954302804021, "50": 0.01922568656327893, "51": 0.014862513384593372, "52": 0.015808775589034613, "53": 0.014869752796629452, "54": 0.015479464935042974, "55": 0.015298485728332074, "56": 0.017847609193391217, "57": 0.015527380900451509, "58": 0.01609691047665544, "59": 0.013697659614901157, "60": 0.017756472948491368, "61": 0.01348737572453802, "62": 0.014275083459580432, "63": 0.016579814629171418}