{"0": 0.016232663174579224, "1": 0.017887753325143505, "2": 0.0169393029108274, "3": 0.016084803594470003, "4": 0.010496695088236065, "5": 0.012840153698501446, "6": 0.012622096579998807, "7": 0.017443815120403904, "8": 0.013963411520460345, "9": 0.014038921556163899, "10": 0.011511869580226347, "11": 0.0183447908595038, "12": 0.012398517526032842, "13": 0.011845296890343434, "14": 0.011051339410594553, "15": 0.010286589045042429, "16": 0.013060490475879953, "17": 0.012234048299854687, "18": 0.01037764528139689, "19": 0.012712514256794693, "20": 0.013749038755541003, "21": 0.013818008042902776, "22": 0.014562808088683573, "23": 0.016671162204509996, "24": 0.010989343260438773, "25": 0.012950845982188678, "26": 0.014918835313439053, "27": 0.010535039819280374, "28": 0.01321832647168585, "29": 0.013060078193342206, "30": 0.012680255046766628, "31": 0.014020904167335929, "32": 0.02020852172872467, "33": 0.015143848574833819, "34": 0.019182135046754745, "35": 0.018323883658973826, "36": 0.016792168263676476, "37": 0.016884505440660117, "38": 0.018944371955068564, "39": 0.016497684863691433, "40": 0.015618511560982491, "41": 0.017222589231395535, "42": 0.01569587897436325, "43": 0.02298892099875838, "44": 0.016844317922486765, "45": 0.019112119167467384, "46": 0.01594430340856891, "47": 0.01898807568421469, "48": 0.014564702618076143, "49": 0.016390962326959302, "50": 0.017936803817328244, "51": 0.015743943852383827, "52": 0.020223399369483707, "53": 0.02210411048152644, "54": 0.018796613293620274, "55": 0.01805234166316147, "56": 0.016042889508558138, "57": 0.0177561107533792, "58": 0.014923065022718606, "59": 0.018040184293119935, "60": 0.016366192800967024, "61": 0.019363649345031004, "62": 0.018473424608786006, "63": 0.017282406223710536}