{"0": 0.017193699900013664, "1": 0.014609033912149511, "2": 0.014138851824375414, "3": 0.015645140550542055, "4": 0.015306249328047802, "5": 0.013933086929081092, "6": 0.015419742982270683, "7": 0.012572041543499701, "8": 0.016674761960127932, "9": 0.016442017550316747, "10": 0.01560069832232604, "11": 0.015073219650552562, "12": 0.015429769291409101, "13": 0.01832191955209745, "14": 0.011455848176267849, "15": 0.013281731795784344, "16": 0.015483797139183887, "17": 0.013052395498703448, "18": 0.014100682206151077, "19": 0.01710033631881914, "20": 0.01732740213419235, "21": 0.011817848203675155, "22": 0.014577306438889033, "23": 0.015325032795747772, "24": 0.017214405467358345, "25": 0.01458379270461496, "26": 0.014456636137632399, "27": 0.015040310071048097, "28": 0.017603669264343254, "29": 0.01397303602796501, "30": 0.01173439355310106, "31": 0.015169238934131439, "32": 0.0212860638098533, "33": 0.019193663500644383, "34": 0.014510460105003899, "35": 0.018277748460892685, "36": 0.01769465581407398, "37": 0.016252842727048925, "38": 0.01533036008488431, "39": 0.0163377156254573, "40": 0.02052722181318838, "41": 0.018357502313275896, "42": 0.014293716550454227, "43": 0.016273733005237337, "44": 0.014384374646605901, "45": 0.015674794429838355, "46": 0.016031152726182055, "47": 0.014315168501352447, "48": 0.016553049959731128, "49": 0.01720392398998429, "50": 0.014748517182981556, "51": 0.01496938775694615, "52": 0.01768355743130073, "53": 0.014763359698480123, "54": 0.015424766940622016, "55": 0.015207929415517563, "56": 0.016575407020839934, "57": 0.01586845536595809, "58": 0.014750579670566687, "59": 0.015821066589303844, "60": 0.016088821247135274, "61": 0.01618535230518253, "62": 0.014974535392682425, "63": 0.01478201975435599}