{"0": 0.015936453332575096, "1": 0.017484746194530332, "2": 0.011914722803415205, "3": 0.0104679696326776, "4": 0.012530496658484488, "5": 0.01698738902055262, "6": 0.01007720762220206, "7": 0.012841079835428322, "8": 0.010736908443518704, "9": 0.01785659874514598, "10": 0.01092754194397813, "11": 0.012221279909772693, "12": 0.014250680363185284, "13": 0.017099758894166508, "14": 0.009251455218754192, "15": 0.014146634729233727, "16": 0.010228380577360517, "17": 0.011167570957007135, "18": 0.007174011808587561, "19": 0.01378293928788524, "20": 0.01175955974131615, "21": 0.014024037467375305, "22": 0.008229455654582515, "23": 0.013055490166484126, "24": 0.011167817014554935, "25": 0.013584327869697108, "26": 0.009805213169133081, "27": 0.008713029936229069, "28": 0.011906304016291707, "29": 0.016713275868014618, "30": 0.009073369908721745, "31": 0.012097419496029079, "32": 0.02115134552284673, "33": 0.023254470049913448, "34": 0.01272243868535124, "35": 0.017852611636346882, "36": 0.015846675517074905, "37": 0.024337642491696808, "38": 0.01409009255134309, "39": 0.018050774661641972, "40": 0.019714001937685258, "41": 0.024349456008664897, "42": 0.010789914201150703, "43": 0.017609206987052043, "44": 0.018680003296025722, "45": 0.023498363925930226, "46": 0.01331838592817736, "47": 0.018359528946727044, "48": 0.017978531700984547, "49": 0.0252408068459186, "50": 0.01628259455833167, "51": 0.014987953341873445, "52": 0.01945416580676534, "53": 0.025791726087227282, "54": 0.01414965856851545, "55": 0.017050373388118614, "56": 0.01798872933317285, "57": 0.025123624630196243, "58": 0.016253052471161072, "59": 0.01906212545260461, "60": 0.019822137195318803, "61": 0.02865599244401299, "62": 0.01401323363978713, "63": 0.017307255901492163}