{"0": 0.014853955458466673, "1": 0.015282941369100165, "2": 0.016442124537808408, "3": 0.014345593525211255, "4": 0.018466276426939328, "5": 0.011251754961960165, "6": 0.01707875044643887, "7": 0.017989815516997337, "8": 0.013183047679996824, "9": 0.015078170015399437, "10": 0.015215505725977976, "11": 0.017798077757525014, "12": 0.01614955857046777, "13": 0.01899793582601557, "14": 0.016645190764765574, "15": 0.01623033841469265, "16": 0.01574436515671015, "17": 0.012956571593062691, "18": 0.016847723426325876, "19": 0.01390911571472178, "20": 0.01661081430753761, "21": 0.015180945913763396, "22": 0.016834528592549823, "23": 0.016501211285422833, "24": 0.01613554885969886, "25": 0.015477655403037948, "26": 0.014400051936561372, "27": 0.015215337157512113, "28": 0.013321392281473401, "29": 0.016154851310133177, "30": 0.014333875305464401, "31": 0.01565207144053304, "32": 0.01687970081516546, "33": 0.01463490420170073, "34": 0.015732227131163245, "35": 0.015636005567711466, "36": 0.014783678113655436, "37": 0.018457566266959154, "38": 0.01717427494884288, "39": 0.016536048003579107, "40": 0.016563118256820376, "41": 0.017360260413206634, "42": 0.014349541775976388, "43": 0.01752520315471599, "44": 0.013633539143877736, "45": 0.014683934943429679, "46": 0.014005336854390017, "47": 0.014938490121268123, "48": 0.017187956158607253, "49": 0.01524681529200529, "50": 0.01669223621614001, "51": 0.013209397686059422, "52": 0.016200482446127307, "53": 0.013553991036153705, "54": 0.015637110291752458, "55": 0.018550596385433302, "56": 0.013672413822082419, "57": 0.014254530174080208, "58": 0.013017481822550378, "59": 0.016263671065905642, "60": 0.014910246540895244, "61": 0.016699720742973784, "62": 0.014053965229981799, "63": 0.017670458694517895}