{"0": 0.020701134368961562, "1": 0.014496464619843382, "2": 0.015197327055548689, "3": 0.01775077986222257, "4": 0.01772012122114511, "5": 0.015014859080657453, "6": 0.01810904833830516, "7": 0.01632303176298981, "8": 0.018341395884080895, "9": 0.017144475404829315, "10": 0.014243797077902876, "11": 0.016216597497427116, "12": 0.018727739300717628, "13": 0.01418344696951516, "14": 0.016194108205595862, "15": 0.014833444834644011, "16": 0.01489720604509439, "17": 0.015882341122548844, "18": 0.01559689729302425, "19": 0.01324519119767036, "20": 0.013259882096527053, "21": 0.01531761452309929, "22": 0.015067208661960655, "23": 0.01638786538207135, "24": 0.01713988161344256, "25": 0.013147677968004604, "26": 0.01205583644216698, "27": 0.01846791046935553, "28": 0.012880442460702938, "29": 0.015896300357778528, "30": 0.013938806243588467, "31": 0.011702975535999853, "32": 0.01726229658361284, "33": 0.016534666576287924, "34": 0.01649459442799947, "35": 0.018205938442159505, "36": 0.017548755808488137, "37": 0.019264847691446166, "38": 0.015767315115965637, "39": 0.019609777142895527, "40": 0.017994127546606196, "41": 0.018293459543213424, "42": 0.016969495111639137, "43": 0.016104416464410853, "44": 0.02024674166071125, "45": 0.014932372885558655, "46": 0.013261556776414342, "47": 0.01311656506505913, "48": 0.01734061374460371, "49": 0.013666494114075334, "50": 0.013790138240396944, "51": 0.014176384928787325, "52": 0.012623187709272052, "53": 0.01330176536998346, "54": 0.016921072723869227, "55": 0.01424339871530635, "56": 0.015458680033438447, "57": 0.015132352726119043, "58": 0.011961686484200706, "59": 0.015783052486053713, "60": 0.013803119246632255, "61": 0.013922813299277229, "62": 0.012209401213596129, "63": 0.013977103224497649}