{"0": 0.031609314065528, "1": 0.014767589212584835, "2": 0.02757407110613134, "3": 0.015148331176640006, "4": 0.015468554984475776, "5": 0.0328211838975699, "6": 0.011490778637058325, "7": 0.02910432859111311, "8": 0.023206260821153814, "9": 0.012384300698803221, "10": 0.02765088410982193, "11": 0.012081389992306695, "12": 0.013689477396908767, "13": 0.03140668261703914, "14": 0.010567534301791607, "15": 0.028966124007627988, "16": 0.03099414534859496, "17": 0.016971583296840138, "18": 0.02939091830544228, "19": 0.01333534719526273, "20": 0.01068063246567045, "21": 0.034912897981856206, "22": 0.01253933530869597, "23": 0.03275252672791267, "24": 0.025602910384850977, "25": 0.015230372716636367, "26": 0.02634928898506085, "27": 0.011009009758958136, "28": 0.013367725501950107, "29": 0.03157324051329884, "30": 0.013656922507067746, "31": 0.030805828758679793, "32": 0.011869026669248679, "33": 0.006752970392591107, "34": 0.01236999039143193, "35": 0.006456053872424364, "36": 0.006352366716766612, "37": 0.019772937350704213, "38": 0.005353755254322062, "39": 0.012840613290566558, "40": 0.01340712094398141, "41": 0.0061948866160927, "42": 0.01157596309513855, "43": 0.004821663166401203, "44": 0.004798989112451081, "45": 0.011696648571678953, "46": 0.004934818447416934, "47": 0.01404252564723474, "48": 0.015196582978509003, "49": 0.007271092899333793, "50": 0.012586020245489904, "51": 0.005066833997838605, "52": 0.005812475227031281, "53": 0.017047790446643254, "54": 0.004431066099687767, "55": 0.014474620471564746, "56": 0.013980258728410034, "57": 0.007669560122465656, "58": 0.009958472093960745, "59": 0.006961551480788767, "60": 0.008098193928940477, "61": 0.013046210416680012, "62": 0.006020364110588563, "63": 0.012029085840283584}