{"0": 0.014763451924096352, "1": 0.016656346866603677, "2": 0.013954992591808832, "3": 0.014114492609848458, "4": 0.015316317829968468, "5": 0.01456925192805872, "6": 0.015077441422399404, "7": 0.017555110850156423, "8": 0.013348935496814419, "9": 0.013531363587840621, "10": 0.014947536116150474, "11": 0.013715779421875835, "12": 0.014508088887839292, "13": 0.012800358710004062, "14": 0.014535961057423706, "15": 0.012051938798486945, "16": 0.012804171970989594, "17": 0.014932731285408155, "18": 0.012125539975744339, "19": 0.017559226915225663, "20": 0.013307094656476027, "21": 0.015343865640939137, "22": 0.01487765140177975, "23": 0.011905088584127543, "24": 0.012709135075832339, "25": 0.012410624858064156, "26": 0.012196636079184179, "27": 0.008511199747750754, "28": 0.011943529126079133, "29": 0.013529541635978427, "30": 0.008991453801471778, "31": 0.014659844314870456, "32": 0.019396616872701583, "33": 0.01940747515713002, "34": 0.017162985374075564, "35": 0.017865301689133785, "36": 0.020882534683599536, "37": 0.015460531083933209, "38": 0.021738731788536383, "39": 0.018531767344358133, "40": 0.017275952567546264, "41": 0.016501384275018106, "42": 0.016681186822645803, "43": 0.014908597885253385, "44": 0.01655018046381334, "45": 0.01622536586948166, "46": 0.013776869221892004, "47": 0.0132809084308359, "48": 0.01841665950660359, "49": 0.022774553643921596, "50": 0.01800061198543548, "51": 0.01619242636431838, "52": 0.01930504141004129, "53": 0.01898862959316934, "54": 0.019326932926328155, "55": 0.020608675458365075, "56": 0.016985826815476425, "57": 0.01694393372006638, "58": 0.016615312966972263, "59": 0.01500050389102899, "60": 0.016430029147199862, "61": 0.018207498777778185, "62": 0.013209041194908502, "63": 0.018093229899134637}