{"0": 0.012315022144503791, "1": 0.019837816235496387, "2": 0.014315183290741353, "3": 0.020942216151753013, "4": 0.016843121747850978, "5": 0.024537056053140275, "6": 0.018647588066178656, "7": 0.020960527225624533, "8": 0.012667654090294298, "9": 0.018562361152882432, "10": 0.01769406043064283, "11": 0.020557153762580917, "12": 0.01768637823669056, "13": 0.022294297576933676, "14": 0.01687052127605086, "15": 0.025216030346300374, "16": 0.013555745759464522, "17": 0.017417224860419717, "18": 0.015856958296255625, "19": 0.019121009280810612, "20": 0.018572607627167656, "21": 0.019508157566387324, "22": 0.018711843622221617, "23": 0.02227138163463875, "24": 0.017274713116381322, "25": 0.018320123305237242, "26": 0.011349199245852053, "27": 0.021200138501909774, "28": 0.016110046103105954, "29": 0.020226572563463028, "30": 0.019564754685026175, "31": 0.02444191802841631, "32": 0.012106558828893433, "33": 0.013104826684182858, "34": 0.010229566374395002, "35": 0.00962030575748593, "36": 0.01232486914400214, "37": 0.01336624932553192, "38": 0.00901623892059733, "39": 0.019379432160884825, "40": 0.013033709010493036, "41": 0.011876324272778939, "42": 0.012572044372663002, "43": 0.014704147112992874, "44": 0.010714908302953189, "45": 0.014716858466269302, "46": 0.013145808816446832, "47": 0.014180097516459579, "48": 0.010946403025173567, "49": 0.016584546945336735, "50": 0.011298132264627862, "51": 0.010886302120847803, "52": 0.012489295480388773, "53": 0.014530773672424053, "54": 0.01195242103753119, "55": 0.013461156756038501, "56": 0.01068315696333116, "57": 0.012118369080399153, "58": 0.010423719428615634, "59": 0.015355077395021018, "60": 0.011464871045514833, "61": 0.012376634691570623, "62": 0.012768975339073658, "63": 0.01511883770265257}