{"0": 0.030606705692048916, "1": 0.029848872460617754, "2": 0.03121182536200429, "3": 0.028508634834875358, "4": 0.030869006165493127, "5": 0.03237231345622995, "6": 0.033889964746055413, "7": 0.030754380560153352, "8": 0.03306018517312991, "9": 0.028983158033725236, "10": 0.03350256832652316, "11": 0.026308099286151257, "12": 0.036287078933518485, "13": 0.03108984797961502, "14": 0.03644874182212035, "15": 0.02747863371033555, "16": 0.03255768675147519, "17": 0.025123972526056096, "18": 0.029016846922137143, "19": 0.02645214061602359, "20": 0.035699053301422694, "21": 0.027956114515188604, "22": 0.034073525741165886, "23": 0.035101992374501435, "24": 0.03721190432993425, "25": 0.025981669077886134, "26": 0.03188121730346667, "27": 0.030416631997246264, "28": 0.03293341384281031, "29": 0.03042048931088106, "30": 0.032721305074536806, "31": 0.031232019772670667}