{"0": 0.03074860499781461, "1": 0.03063774098549521, "2": 0.03601309400831088, "3": 0.03192006375269173, "4": 0.030524030297050832, "5": 0.030424637341838746, "6": 0.03190112374074802, "7": 0.030666194874987642, "8": 0.030911054002939593, "9": 0.033201930804505536, "10": 0.02957373680461274, "11": 0.029610120505033935, "12": 0.032574569103107076, "13": 0.03219127439729917, "14": 0.029400593820937772, "15": 0.03357398871198656, "16": 0.029797030621639922, "17": 0.029276392071503305, "18": 0.03306353021163367, "19": 0.03474635253294361, "20": 0.03421697941028309, "21": 0.03038580656316452, "22": 0.031060747096716152, "23": 0.030923636936487447, "24": 0.03173477908422405, "25": 0.03196236592769702, "26": 0.029030556049599816, "27": 0.03260257682768071, "28": 0.025285924607716143, "29": 0.03339912228751539, "30": 0.02899938531638383, "31": 0.02964205630545121}