{"0": 0.02951873516720083, "1": 0.02989097252035778, "2": 0.02912297034676064, "3": 0.033279382770105975, "4": 0.03418384322893708, "5": 0.03724926983646889, "6": 0.03749587993870415, "7": 0.03563255625177334, "8": 0.03165932357627706, "9": 0.03248079201943598, "10": 0.03341993563129993, "11": 0.03133837435861358, "12": 0.03359403151271936, "13": 0.029941322255554598, "14": 0.03249745872590422, "15": 0.033059139732816004, "16": 0.03227845402605271, "17": 0.030822335335408204, "18": 0.03317286124893132, "19": 0.026110255089302113, "20": 0.030799984491046605, "21": 0.02845975798252476, "22": 0.030088820999165596, "23": 0.030944629532809388, "24": 0.0280212179170116, "25": 0.027602234217950522, "26": 0.02702522343669038, "27": 0.02683102674035757, "28": 0.031054048417694272, "29": 0.0317120856375468, "30": 0.03183412474582981, "31": 0.028878952308748904}