{"0": 0.059421092503184864, "1": 0.001525215695061191, "2": 0.0523107539850073, "3": 0.006493696083960234, "4": 0.06042521936691044, "5": 0.000385400708207417, "6": 0.05501467068440308, "7": 0.0064563605127264554, "8": 0.051195920073912264, "9": 0.009811591091320905, "10": 0.06093479620756356, "11": 0.00014401980487172879, "12": 0.05855979547336479, "13": 0.002567127420668009, "14": 0.059939191713764016, "15": 0.0031065439149937212, "16": 0.06041981499832274, "17": 0.0003396736456469826, "18": 0.06258071594966289, "19": 0.000301076252530877, "20": 0.0606285200110258, "21": 0.0067750957176903066, "22": 0.053146939415006984, "23": 0.007489530663251491, "24": 0.06487002341745016, "25": -0.0014346175827871057, "26": 0.05782341112542, "27": 0.006233503015002469, "28": 0.060957986545491546, "29": 0.005026247904787795, "30": 0.06088920168794934, "31": 0.0056614819936277585}