{"0": 0.031166139346194548, "1": 0.033642707848924626, "2": 0.032348527054809555, "3": 0.034355898024587696, "4": 0.031457196560048827, "5": 0.030428021981551014, "6": 0.03314189986755635, "7": 0.0351550516320431, "8": 0.027542445594887582, "9": 0.030778420679482887, "10": 0.03229349725705514, "11": 0.029898773359393442, "12": 0.029477783523568838, "13": 0.024841960950442638, "14": 0.02997385456400824, "15": 0.030916383525574534, "16": 0.03245154530414644, "17": 0.0326494970489221, "18": 0.03089671053460594, "19": 0.03270280088423258, "20": 0.0315114313826861, "21": 0.029695948396501373, "22": 0.03364856410050408, "23": 0.03580919323348084, "24": 0.030996567571937136, "25": 0.026667461462337876, "26": 0.028756713541361834, "27": 0.031214695207664307, "28": 0.031668159104731454, "29": 0.02978030562143274, "30": 0.03201188050298622, "31": 0.03211996433233997}