{"0": 0.046600768519488016, "1": 0.0527212666965891, "2": 0.004294047014592205, "3": -0.00023028048662381026, "4": 0.05900740902811537, "5": 0.051417185053165365, "6": 0.006010513625961819, "7": 0.0024313026455294825, "8": 0.04255552686432583, "9": 0.055855231726068176, "10": 0.006950282018926493, "11": 0.0037133335656254953, "12": 0.053586704834131665, "13": 0.06598130305359799, "14": 0.004154708763014495, "15": -0.00019343582683498464, "16": 0.06661063802534227, "17": 0.06477495211032366, "18": -0.001226899254843137, "19": 0.005238762255216777, "20": 0.07062053277331384, "21": 0.06382307594417769, "22": 0.0011289657268711568, "23": 0.0059765129755585495, "24": 0.06266417675593082, "25": 0.058150592866005164, "26": 0.0024199247872942614, "27": 0.003236089481553223, "28": 0.06525855596848598, "29": 0.0695881076555036, "30": 0.0074877696191433295, "31": -0.000607624785549878}