{"0": 0.023129610257839137, "1": 0.02136363913399972, "2": 0.029167304390772784, "3": 0.018913854926837628, "4": 0.027953290252428917, "5": 0.03888281674457611, "6": 0.034158150749921644, "7": 0.03599968509816131, "8": 0.03259057307076397, "9": 0.030633806779788504, "10": 0.02904312668505304, "11": 0.027948517855796825, "12": 0.03785245620331448, "13": 0.035208639994959226, "14": 0.0360814999832192, "15": 0.04082377562929741, "16": 0.027511379724442075, "17": 0.02931820757338752, "18": 0.024163837573075282, "19": 0.031250015607465785, "20": 0.0347006409313814, "21": 0.029906685117884604, "22": 0.03340926360668554, "23": 0.033552224985686135, "24": 0.02047855125039482, "25": 0.027722981072371766, "26": 0.029549504329819405, "27": 0.025832940721398114, "28": 0.03761038883200678, "29": 0.04076191702376676, "30": 0.03746804971972149, "31": 0.03701266417378262}