{"0": 0.023195675667278665, "1": 0.028694344806650555, "2": 0.023813367271313973, "3": 0.022987340788040368, "4": 0.02734568451123631, "5": 0.03597227949775713, "6": 0.02994654183070718, "7": 0.02829708594104394, "8": 0.030134374863249134, "9": 0.024932554500839154, "10": 0.03243952813581388, "11": 0.02969541264663996, "12": 0.03875437695319771, "13": 0.03721769300761574, "14": 0.038626159948830625, "15": 0.033093931748614865, "16": 0.021966519190723705, "17": 0.02505530797192937, "18": 0.025800500622153444, "19": 0.02897402269871959, "20": 0.03742443464519644, "21": 0.038158239745794104, "22": 0.03666431307045901, "23": 0.028161445378607767, "24": 0.028570234245134638, "25": 0.03300585387385287, "26": 0.03535759391200361, "27": 0.025169191378621277, "28": 0.04552550348026803, "29": 0.031679353285940466, "30": 0.03892794527562209, "31": 0.03441318910614444}