{"0": 0.023741802092054263, "1": 0.029996367070125207, "2": 0.02156430899349539, "3": 0.029842865438911417, "4": 0.026984882054852683, "5": 0.032341755510972535, "6": 0.02532405791283978, "7": 0.031213508420846137, "8": 0.03247787880659373, "9": 0.03966287294930028, "10": 0.0368542095944148, "11": 0.036366977952198724, "12": 0.030398967703150485, "13": 0.031295376153685175, "14": 0.029579142964524085, "15": 0.03518605222320856, "16": 0.025551593826187567, "17": 0.03159479733129684, "18": 0.02551778879260605, "19": 0.024061570621361026, "20": 0.02483633438217466, "21": 0.031978463964144166, "22": 0.02684775431803022, "23": 0.0304000622910365, "24": 0.03310882696255722, "25": 0.03593353253868816, "26": 0.033945712788016474, "27": 0.04273628098772303, "28": 0.036609696103994005, "29": 0.03424937978333836, "30": 0.03270458074873634, "31": 0.03709259871893601}