{"0": 0.02450627350061462, "1": 0.02876050426469028, "2": 0.03128187072079809, "3": 0.03215697951941728, "4": 0.026181745155617695, "5": 0.03112311633434985, "6": 0.03190548697812098, "7": 0.03407142912420348, "8": 0.029717236983797454, "9": 0.025129181386810175, "10": 0.033957139331384764, "11": 0.03279099913981057, "12": 0.030421940792499914, "13": 0.03134504595461653, "14": 0.032241129281883475, "15": 0.03610646804959577, "16": 0.03142532430610507, "17": 0.031468710797958085, "18": 0.030850733610122482, "19": 0.03181686358325041, "20": 0.0282965433920327, "21": 0.03432721323199047, "22": 0.03320466379669354, "23": 0.03453842992598194, "24": 0.031519632029677724, "25": 0.0330537234788344, "26": 0.034746958098015125, "27": 0.028884019552251235, "28": 0.031116957687277746, "29": 0.03228264575613077, "30": 0.029831560618309466, "31": 0.030939473617157917}