{"0": 0.02111111338280765, "1": 0.03002202551200547, "2": 0.02526854324991727, "3": 0.028833578459654483, "4": 0.023003591580121514, "5": 0.033699075860876136, "6": 0.027660973766685516, "7": 0.029021486338263486, "8": 0.025553703497602335, "9": 0.027023241893946604, "10": 0.02207467465190242, "11": 0.031157888975549424, "12": 0.02323396645337311, "13": 0.03221750765138697, "14": 0.024403659946531615, "15": 0.03162412896837143, "16": 0.03390207860991572, "17": 0.03942615109550143, "18": 0.03079809923146447, "19": 0.03727179549793621, "20": 0.03335665731058131, "21": 0.040558982170721555, "22": 0.028760429522898128, "23": 0.03476006483789877, "24": 0.028435641652570762, "25": 0.04307406116931962, "26": 0.03099494805417254, "27": 0.04231840369870796, "28": 0.02945015007252894, "29": 0.04229131683888684, "30": 0.03377982338417637, "31": 0.0349122366637239}