{"0": 0.021835457122193223, "1": 0.024775284358031703, "2": 0.02735442863778578, "3": 0.024434853983137727, "4": 0.03154492249733204, "5": 0.03209958941950789, "6": 0.026959174791043723, "7": 0.02965886381594771, "8": 0.0301377731721144, "9": 0.024157187177327455, "10": 0.030634341381970433, "11": 0.025475657339466603, "12": 0.02775689468780986, "13": 0.02681480208995276, "14": 0.03265354802107706, "15": 0.02588948838349668, "16": 0.037885982749507004, "17": 0.0385334704650493, "18": 0.025636405655525208, "19": 0.034366368232624775, "20": 0.03481769048825019, "21": 0.039888895953387564, "22": 0.037798296308334575, "23": 0.037412293705803915, "24": 0.03178573520029217, "25": 0.02611282644051674, "26": 0.0341185886039419, "27": 0.03301428173375484, "28": 0.03547135984715603, "29": 0.044134066316067706, "30": 0.03200498548462038, "31": 0.034836485936972666}