{"0": 0.0297902193142523, "1": 0.030309078354086718, "2": 0.032868738950635516, "3": 0.028307611361536342, "4": 0.029680875034905248, "5": 0.03307353727812312, "6": 0.03154233334622025, "7": 0.034020039817899264, "8": 0.031094409202132776, "9": 0.03303360553998385, "10": 0.030056673343676798, "11": 0.0339359544763894, "12": 0.0312283460320821, "13": 0.027055866561841807, "14": 0.03225010857063138, "15": 0.031085936148936476, "16": 0.032839913320440575, "17": 0.030292293414208776, "18": 0.032231303314594804, "19": 0.027748401264336187, "20": 0.03305627663624532, "21": 0.029947194603164144, "22": 0.0335514665237135, "23": 0.03434332829890068, "24": 0.03185530181838517, "25": 0.032981630740055626, "26": 0.029402844016802425, "27": 0.03021781399543319, "28": 0.033155478067950266, "29": 0.02838429538987527, "30": 0.030116742550249966, "31": 0.03054238271231075}