{"0": 0.030261400654073588, "1": 0.03104683621280414, "2": 0.028911587992127202, "3": 0.03470914773274828, "4": 0.03129790278786847, "5": 0.030217882189897897, "6": 0.03241902010455936, "7": 0.03374310016407537, "8": 0.027377822316195385, "9": 0.031177799289110655, "10": 0.030290592056464803, "11": 0.03028559752505844, "12": 0.029125704997193226, "13": 0.032165709524708104, "14": 0.032310004209150645, "15": 0.033643463435467855, "16": 0.029987701564483018, "17": 0.027639898927028783, "18": 0.03169308983534226, "19": 0.030387407051696028, "20": 0.032035173472622934, "21": 0.02930171328372083, "22": 0.030609364616081148, "23": 0.03228095874973652, "24": 0.031946203496311366, "25": 0.03223488112362415, "26": 0.03108323317599914, "27": 0.03405417015688041, "28": 0.03234845862319549, "29": 0.030998681727307263, "30": 0.033935098624727676, "31": 0.030480394379739508}