{"0": 0.03224987257319219, "1": 0.035497849728443026, "2": 0.03128188712014002, "3": 0.031706388861608474, "4": 0.03273095606565778, "5": 0.025348016203995256, "6": 0.032307735388432395, "7": 0.03243930980780336, "8": 0.02803928382267506, "9": 0.03170738166616461, "10": 0.030450249966794768, "11": 0.03053389892230016, "12": 0.03165611829345008, "13": 0.030023224679049696, "14": 0.034084425460186404, "15": 0.03615718933161733, "16": 0.029713441201197316, "17": 0.03228087405325408, "18": 0.02928204048601496, "19": 0.02766168163579146, "20": 0.03253259850108042, "21": 0.03263166799716149, "22": 0.034772655156237585, "23": 0.030130844644301658, "24": 0.028446998894012445, "25": 0.0309112304305958, "26": 0.03239074133768387, "27": 0.03418564760279022, "28": 0.03214162374206846, "29": 0.02777393039000682, "30": 0.03107142713112752, "31": 0.027858808905165323}