{"0": 0.030303558872351033, "1": 0.03079990510417591, "2": 0.030326079850384758, "3": 0.032672814738134354, "4": 0.033855821210263946, "5": 0.032356568961330684, "6": 0.03250829273417023, "7": 0.03150423408365789, "8": 0.02848117196541184, "9": 0.03025994916161623, "10": 0.0357976646467272, "11": 0.031064510642506864, "12": 0.03231967276563355, "13": 0.032059854060358536, "14": 0.03540823409225887, "15": 0.032434155874127825, "16": 0.029971796720382433, "17": 0.030352345772216908, "18": 0.029402451705393223, "19": 0.02932513495165769, "20": 0.027082407205322803, "21": 0.031470264262136415, "22": 0.029937349546514253, "23": 0.028609561589486875, "24": 0.030193408359677484, "25": 0.0326723348127877, "26": 0.033535263352554315, "27": 0.03194239359231174, "28": 0.032359579080639626, "29": 0.029036723708945965, "30": 0.03084254467361402, "31": 0.03111395190324881}