{"0": 0.02918693368231763, "1": 0.03107617505874851, "2": 0.03354519527030832, "3": 0.032602042752204546, "4": 0.032723901124568085, "5": 0.027779767019333833, "6": 0.029188320049690908, "7": 0.03591835780510888, "8": 0.03435001928755014, "9": 0.03185605102537548, "10": 0.030881539745951543, "11": 0.030146608454420243, "12": 0.032402415633964114, "13": 0.029493237431657878, "14": 0.030377793376150212, "15": 0.03240816074284945, "16": 0.030416625822275566, "17": 0.02991711556240815, "18": 0.03449207534526316, "19": 0.03552626129189274, "20": 0.02840378217335514, "21": 0.03118404457982904, "22": 0.02879919112809641, "23": 0.02803447456597367, "24": 0.02988912678937246, "25": 0.029351764488165198, "26": 0.03328407874963274, "27": 0.029872144079024308, "28": 0.02999676533166643, "29": 0.033237138973774616, "30": 0.03139684515655921, "31": 0.03226204750251141}