{"0": 0.03050060096036161, "1": 0.030054876007854513, "2": 0.030150349780374834, "3": 0.03188285275876845, "4": 0.030387939898624684, "5": 0.030882234646700712, "6": 0.02795257028220399, "7": 0.03615689134922715, "8": 0.030727339682106912, "9": 0.029402838019504652, "10": 0.029771650996887455, "11": 0.031221117210604787, "12": 0.029755561093409086, "13": 0.03160289476773464, "14": 0.029067647513873925, "15": 0.032628349919107305, "16": 0.027811237297932872, "17": 0.03336584903087075, "18": 0.03173902786434758, "19": 0.03172510234315536, "20": 0.029711050764666225, "21": 0.03023468980161854, "22": 0.03226263504928148, "23": 0.03339778576125596, "24": 0.03410308974538211, "25": 0.029743378311963845, "26": 0.03290961435583709, "27": 0.03344197774850543, "28": 0.034132850757547586, "29": 0.03027374676706873, "30": 0.030186811882107346, "31": 0.03281543763111436}