{"0": 0.03327169382844711, "1": 0.029651500771283364, "2": 0.03536988342505677, "3": 0.03025062033319187, "4": 0.03187132072613478, "5": 0.030040892193086758, "6": 0.030980793342626232, "7": 0.030806856191694387, "8": 0.028420091616649445, "9": 0.031065482046975543, "10": 0.028404629060326553, "11": 0.029831932567127788, "12": 0.031883263067627364, "13": 0.031172714563813105, "14": 0.030156215878050143, "15": 0.030850454725349367, "16": 0.034032637385959845, "17": 0.03028170152493813, "18": 0.029601258836266332, "19": 0.031860747420951754, "20": 0.03493137035501232, "21": 0.032017587668109096, "22": 0.03179299493771323, "23": 0.03221592626079752, "24": 0.029718906681225548, "25": 0.030474631925088404, "26": 0.034386926476167326, "27": 0.031297316163577504, "28": 0.029339057727768545, "29": 0.03211364568729089, "30": 0.029142786650481825, "31": 0.03276415996121117}