{"0": 0.02891481207603305, "1": 0.03275974901849199, "2": 0.02938704548904436, "3": 0.03135538825739602, "4": 0.03065860814658048, "5": 0.030601780882810303, "6": 0.030295460078710423, "7": 0.031161774091649448, "8": 0.03357004348857775, "9": 0.03337578411886385, "10": 0.02909556402833099, "11": 0.03150794567032421, "12": 0.030886550666200923, "13": 0.035928990137571955, "14": 0.03075547113235669, "15": 0.031268277855193004, "16": 0.0305803558838989, "17": 0.03395584371992303, "18": 0.029803928191167655, "19": 0.03205968150764582, "20": 0.02814753787981672, "21": 0.032088391628297824, "22": 0.030004290447441434, "23": 0.03176813967657632, "24": 0.03256359394559401, "25": 0.029563837420239016, "26": 0.028544881047571396, "27": 0.0294523446842518, "28": 0.034197750370807696, "29": 0.02971889148440598, "30": 0.03190036911402608, "31": 0.03412691786020086}