{"0": 0.02636803890087403, "1": 0.02850138016574712, "2": 0.026208100015383165, "3": 0.024043236083333478, "4": 0.023067427654899147, "5": 0.02528925381053119, "6": 0.02685339491893399, "7": 0.0319878445410698, "8": 0.02677696596464075, "9": 0.030206767828174986, "10": 0.027258861686710795, "11": 0.02907498915759696, "12": 0.027449170885236688, "13": 0.025435705918870528, "14": 0.026928800728015255, "15": 0.026365357799574947, "16": 0.03268332323903984, "17": 0.03688392115897587, "18": 0.03740315030475281, "19": 0.03600719883814192, "20": 0.032936431230314735, "21": 0.03632069934156605, "22": 0.03255608059099197, "23": 0.03822443579920407, "24": 0.03576544328656553, "25": 0.035808723435806794, "26": 0.034586000198960694, "27": 0.03608233662214936, "28": 0.03236573196265011, "29": 0.03832263336099494, "30": 0.034104243117374186, "31": 0.03813435145291827}