{"0": 0.040745404920413314, "1": 0.04275542758879174, "2": 0.04929320134065222, "3": 0.04403784308072419, "4": 0.040168166059552236, "5": 0.04020556301058239, "6": 0.04332465073882132, "7": 0.04608079599479387, "8": 0.014469869302426042, "9": 0.015278898343931367, "10": 0.01663984647917241, "11": 0.01984184096546721, "12": 0.01787043164738066, "13": 0.015857778267560664, "14": 0.010021387519279303, "15": 0.01637073937399484, "16": 0.042128010349582606, "17": 0.045705994636617855, "18": 0.05307975531376695, "19": 0.05212459561901698, "20": 0.04556077443020483, "21": 0.04023405021635477, "22": 0.04270228809504401, "23": 0.045878979515827555, "24": 0.02547384960951086, "25": 0.020625420891245264, "26": 0.01936610482494218, "27": 0.014126048151982432, "28": 0.01690850908701684, "29": 0.020730704062954936, "30": 0.018482488719093696, "31": 0.023910581843294493}