{"0": 0.059511227916332204, "1": 0.06389283098539504, "2": 0.0673271554055804, "3": 0.05046739448015997, "4": 0.07023034270317487, "5": 0.06775499286973888, "6": 0.05031342689625069, "7": 0.056262020342284336, "8": 0.00509379064876642, "9": -0.005537476768384619, "10": -0.0028683334320513897, "11": 0.012109277778470906, "12": 0.0004736872992166658, "13": -0.0015439041672617542, "14": 0.004255388306780604, "15": 0.002571868141209972, "16": 0.06160202893768678, "17": 0.05993818324920066, "18": 0.0742791761465584, "19": 0.060640747650055594, "20": 0.07025954351832532, "21": 0.06095930290384786, "22": 0.06278945709292452, "23": 0.06123994054152697, "24": 0.001615367901834167, "25": 0.002229869407680022, "26": -0.012016454428178136, "27": -0.003330041606446128, "28": -0.007115848138271066, "29": 0.005622930242815571, "30": 0.0019256406182628996, "31": -0.0009535334434866007}