{"0": 0.020534984604095044, "1": 0.023187565320690485, "2": 0.021306209810923342, "3": 0.030988428889445186, "4": 0.029264928163011673, "5": 0.02407352396205198, "6": 0.03264098373962833, "7": 0.03347275453442098, "8": 0.03301961641860565, "9": 0.0297302526597924, "10": 0.03178054668076654, "11": 0.03792730731169963, "12": 0.02831690736238632, "13": 0.039161000200515134, "14": 0.04076533032940029, "15": 0.04612471384981125, "16": 0.02028716344977038, "17": 0.02390382465293348, "18": 0.029330664865708837, "19": 0.033175754152598054, "20": 0.022145167618336122, "21": 0.02200918252118038, "22": 0.028528325564731068, "23": 0.04129245615117733, "24": 0.03049734820026754, "25": 0.028943627010690004, "26": 0.03257620532719959, "27": 0.033585933202110646, "28": 0.038097323796200205, "29": 0.04087280516265484, "30": 0.037196336796534744, "31": 0.03526282769066256}