{"0": 0.0312858773249588, "1": 0.028526267340203876, "2": 0.028028631232901016, "3": 0.03198563029693388, "4": 0.030431258236662984, "5": 0.03231124161025851, "6": 0.03001158098679757, "7": 0.03476778814272231, "8": 0.032191510697343356, "9": 0.03064212003970567, "10": 0.03422036624823775, "11": 0.03164849742950451, "12": 0.03158134606303466, "13": 0.033511370188404103, "14": 0.03268976246379438, "15": 0.0329370934982166, "16": 0.030761932691260232, "17": 0.027929364307728983, "18": 0.032965131335884704, "19": 0.02594814717434164, "20": 0.02971806574766464, "21": 0.03273935308985743, "22": 0.029603875621407764, "23": 0.031879331326146454, "24": 0.030075558722472792, "25": 0.028856106505252232, "26": 0.033869983801837325, "27": 0.030156036607964627, "28": 0.029746947927517028, "29": 0.03434134536803294, "30": 0.031870811148657446, "31": 0.03276766682429377}