{"0": 0.02351113907936841, "1": 0.021239020730529856, "2": 0.027472841787848295, "3": 0.04250268797524957, "4": 0.01600197765435798, "5": 0.022649884016611718, "6": 0.04619089290788994, "7": 0.046171438235582486, "8": 0.02526476616254466, "9": 0.023300982591887683, "10": 0.032195655146057746, "11": 0.04583524281387252, "12": 0.022016323868352172, "13": 0.026633333382779234, "14": 0.04205415747868374, "15": 0.04347867356682121, "16": 0.02187618418148213, "17": 0.020066679902554393, "18": 0.03846349917616411, "19": 0.04044772852143049, "20": 0.01921186272422692, "21": 0.025001520598331523, "22": 0.040819464735833005, "23": 0.04271535316510195, "24": 0.0224900323810966, "25": 0.022173388139235892, "26": 0.03335903480034801, "27": 0.038788415220848735, "28": 0.019292883442907815, "29": 0.022370796337531456, "30": 0.04239801146808042, "31": 0.04400612780638926}