{"0": 0.024246979663787596, "1": 0.03301131796636532, "2": 0.03431062445047784, "3": 0.04369252553723602, "4": 0.028345862791380873, "5": 0.03404244579195694, "6": 0.04058574813650234, "7": 0.05166849949028423, "8": 0.019969861254768167, "9": 0.019668280864265388, "10": 0.024617421389306372, "11": 0.026283120978554737, "12": 0.027546240549690383, "13": 0.03224159368699344, "14": 0.02257213140088816, "15": 0.03758754765170432, "16": 0.027036799783279258, "17": 0.02914519422011954, "18": 0.032011291310608474, "19": 0.038447587258087744, "20": 0.03549617678707617, "21": 0.03693715065980904, "22": 0.040009438297850614, "23": 0.04610121375116028, "24": 0.022444267949109895, "25": 0.023751459198436818, "26": 0.022016896956888694, "27": 0.02887640799843849, "28": 0.02266320822789035, "29": 0.02955851425137674, "30": 0.027529668013687857, "31": 0.03758452373201789}