{"0": 0.029847150080087148, "1": 0.026510563351987277, "2": 0.028062540811897567, "3": 0.02951027115636951, "4": 0.032719801286319385, "5": 0.026150285756193256, "6": 0.03058031107546268, "7": 0.03223781396408304, "8": 0.0266555166152371, "9": 0.025808361191704692, "10": 0.03178373383354252, "11": 0.03070346624545799, "12": 0.031670953316519014, "13": 0.028787604153541545, "14": 0.036463855227399235, "15": 0.03622751281384347, "16": 0.027873249266537316, "17": 0.02938177006381317, "18": 0.030851246907723253, "19": 0.032290459498478676, "20": 0.02776526421485087, "21": 0.03054087212817447, "22": 0.0372196050532747, "23": 0.03802841355459625, "24": 0.028013880099911872, "25": 0.028075698243969435, "26": 0.036751438442505856, "27": 0.03713517738489976, "28": 0.031784134499143635, "29": 0.030246314323938484, "30": 0.03503160402782781, "31": 0.035291131410709005}