{"0": 0.035445931734024314, "1": 0.0336169763670404, "2": 0.026565877272734826, "3": 0.029396417552082374, "4": 0.026166211668985948, "5": 0.027827723618413947, "6": 0.02623280525454529, "7": 0.029971561558200514, "8": 0.029976035351601014, "9": 0.02895972849771034, "10": 0.03371723618772534, "11": 0.033270771923265705, "12": 0.03004541870527207, "13": 0.02760501319128715, "14": 0.03519977551326903, "15": 0.034352480792980734, "16": 0.0367056042154616, "17": 0.029178861793395794, "18": 0.0268818942449457, "19": 0.028687201741595947, "20": 0.032188185194416935, "21": 0.03354064423291508, "22": 0.026597333616455898, "23": 0.0319189485313827, "24": 0.029361300812092248, "25": 0.037152076296413886, "26": 0.03842442636851009, "27": 0.029540012181518544, "28": 0.02461634881344316, "29": 0.031488701574977025, "30": 0.037074867319436884, "31": 0.0382936278738995}