{"0": 0.030265828535305777, "1": 0.028134247790487725, "2": 0.03204522468458076, "3": 0.03674836670877607, "4": 0.029971635065318185, "5": 0.02953887599511691, "6": 0.030868762530685736, "7": 0.029994305595856235, "8": 0.029453797119788957, "9": 0.029056463504720218, "10": 0.03014739116118174, "11": 0.03717345615393899, "12": 0.02814478118406272, "13": 0.03148082028518116, "14": 0.03172355066022314, "15": 0.03301667779592102, "16": 0.03136798482735387, "17": 0.03243418254952507, "18": 0.031031877732138762, "19": 0.037637089086891944, "20": 0.03360585460462412, "21": 0.02843904480021173, "22": 0.03124127625470771, "23": 0.03165628615029683, "24": 0.02766509762670216, "25": 0.029394825560693744, "26": 0.03062618501075452, "27": 0.035909267566775344, "28": 0.029055096743680713, "29": 0.028743114577586493, "30": 0.031041549665109025, "31": 0.03238708247180258}