{"0": 0.027409496199894124, "1": 0.024931135697323543, "2": 0.02391139989495991, "3": 0.026165593715784155, "4": 0.03289724596429049, "5": 0.0368922666640895, "6": 0.03646539755774705, "7": 0.03900569126901532, "8": 0.02457303148839436, "9": 0.025226123326128384, "10": 0.02329822977989896, "11": 0.031065297773416795, "12": 0.0412189763979965, "13": 0.035272816266794765, "14": 0.04303821840409138, "15": 0.045519744329560866, "16": 0.01739266228486655, "17": 0.022880199342620613, "18": 0.02441070110719156, "19": 0.027744057828623766, "20": 0.04195609603011834, "21": 0.03654083467962326, "22": 0.03758057641907919, "23": 0.030895003228499605, "24": 0.02613415043728963, "25": 0.023408769522168957, "26": 0.025338402086058944, "27": 0.027906809770304443, "28": 0.03327260773452872, "29": 0.03241834535397103, "30": 0.04026364164926493, "31": 0.03496647779640433}