{"0": 0.02438322045190332, "1": 0.026076473177765243, "2": 0.026659943042369294, "3": 0.02721357430919344, "4": 0.02575068588672474, "5": 0.025741701409851863, "6": 0.026078790935146593, "7": 0.0250200012443616, "8": 0.021390111977678088, "9": 0.024378720326425143, "10": 0.02709080846308614, "11": 0.024505759512774637, "12": 0.024997875707926893, "13": 0.027061643393096305, "14": 0.025834382958854447, "15": 0.02968697278871996, "16": 0.03241609890167729, "17": 0.0412948080453429, "18": 0.037993188019288374, "19": 0.03805311732210863, "20": 0.03182294948999131, "21": 0.03207667593853552, "22": 0.03173940518136795, "23": 0.040244885604375294, "24": 0.04253229584773533, "25": 0.03783514579192882, "26": 0.036916211462361036, "27": 0.03693272111334716, "28": 0.038500433247520685, "29": 0.04052881163660157, "30": 0.03440380250800122, "31": 0.034838784303939226}