{"0": 0.025462569303337824, "1": 0.02739704478195205, "2": 0.02992697511975563, "3": 0.026509744434423443, "4": 0.022745904003451146, "5": 0.021168918365180804, "6": 0.02562753612388003, "7": 0.02545993395721706, "8": 0.02287555613500992, "9": 0.02351577177210651, "10": 0.025219315844571585, "11": 0.026559942474440292, "12": 0.020763272600627096, "13": 0.02480273653877971, "14": 0.023271148524744108, "15": 0.025600156223540317, "16": 0.036131764634823184, "17": 0.03734254861215427, "18": 0.037013898646463636, "19": 0.037756964528129315, "20": 0.03644364975359748, "21": 0.036141256108510864, "22": 0.03816819370340232, "23": 0.037952629349436266, "24": 0.03735780925098793, "25": 0.038673928660310095, "26": 0.04079966033354791, "27": 0.0412665537607933, "28": 0.036661476705238415, "29": 0.03801940642643728, "30": 0.03423080175852719, "31": 0.03913293156462302}