{"0": 0.029678720014845724, "1": 0.027026702194249807, "2": 0.027308762137199922, "3": 0.028213835842599167, "4": 0.023327008808170242, "5": 0.024396162910899355, "6": 0.023376729999501567, "7": 0.024920698786738027, "8": 0.02629304683810412, "9": 0.027134322829280487, "10": 0.025847853480752706, "11": 0.02500212735486736, "12": 0.024617582072241847, "13": 0.027455038560700206, "14": 0.02579522602018036, "15": 0.025134217610986047, "16": 0.037772134954464416, "17": 0.03703315722310119, "18": 0.03737899473147013, "19": 0.03355700380043092, "20": 0.03933164398836367, "21": 0.038914849306284034, "22": 0.03407763073514675, "23": 0.03761404085943932, "24": 0.03723284470316097, "25": 0.04091700515851242, "26": 0.0343350432017153, "27": 0.0355565113788667, "28": 0.03605616139124385, "29": 0.0378669727049142, "30": 0.03272432548036669, "31": 0.03410364492120247}