{"0": 0.02655631420159276, "1": 0.02961121089235664, "2": 0.025261244115610853, "3": 0.02850219409183526, "4": 0.02416287875701737, "5": 0.026228082625192557, "6": 0.024490297148332167, "7": 0.027164908727064903, "8": 0.024171052154139987, "9": 0.030349214111655438, "10": 0.029565960445144354, "11": 0.025155534015233964, "12": 0.02806541492932387, "13": 0.024625020103751446, "14": 0.027704572249137215, "15": 0.032377905088733075, "16": 0.03415050679732426, "17": 0.03917014366127569, "18": 0.033463096303947115, "19": 0.036720334043754375, "20": 0.03642172472612967, "21": 0.03360317683829822, "22": 0.03575315453381469, "23": 0.03899110809979849, "24": 0.030549984449743134, "25": 0.03391497688588708, "26": 0.034414855281810555, "27": 0.03304261753236351, "28": 0.035838593088907814, "29": 0.03707294280309749, "30": 0.03455352006557966, "31": 0.03834746123214636}