{"0": 0.024925370069059156, "1": 0.025661827187701776, "2": 0.02790124453783636, "3": 0.028347007681163678, "4": 0.02664820064445115, "5": 0.027850325937850202, "6": 0.02821978138371682, "7": 0.02934238872680148, "8": 0.02300395828034135, "9": 0.024976475269694102, "10": 0.02961252633833737, "11": 0.026190917962697007, "12": 0.02340258704589399, "13": 0.030061135030276805, "14": 0.029395230465664172, "15": 0.028504855508054067, "16": 0.0351602565049867, "17": 0.036139510402087016, "18": 0.033504871352816795, "19": 0.03602944307206539, "20": 0.0317113403037244, "21": 0.035903491931413525, "22": 0.033199042423845145, "23": 0.036556859984928095, "24": 0.035694430479339435, "25": 0.03505444331706927, "26": 0.03646975385986444, "27": 0.035967339903263666, "28": 0.038892346291953366, "29": 0.03443431807213097, "30": 0.036031519998567914, "31": 0.03520720003240435}