{"0": 0.02789395430154988, "1": 0.02654727690947511, "2": 0.02605266785534708, "3": 0.02374577723198859, "4": 0.02632218139916209, "5": 0.02538954547572436, "6": 0.02231079567084119, "7": 0.025360709997433405, "8": 0.026900724639932785, "9": 0.02686551442914047, "10": 0.025347418279506182, "11": 0.02857678142465927, "12": 0.022788368612028972, "13": 0.028763012180378984, "14": 0.027006948473978578, "15": 0.030651239416853507, "16": 0.03376050623317708, "17": 0.03566524873338314, "18": 0.035703529443327685, "19": 0.03961463684981925, "20": 0.03243850318154127, "21": 0.033145859557627104, "22": 0.03357964687124899, "23": 0.0405759461683251, "24": 0.03623435073624647, "25": 0.036349412208661405, "26": 0.03619902775779155, "27": 0.03603418603788947, "28": 0.034250365619709164, "29": 0.03917862076238527, "30": 0.036810692146036265, "31": 0.03993655139483043}