{"0": 0.033611712936003395, "1": 0.028598318169191034, "2": 0.02875324234170407, "3": 0.03252077722567949, "4": 0.028790452959657323, "5": 0.025601672899917518, "6": 0.03047615079599521, "7": 0.02778191300773548, "8": 0.030722230665925294, "9": 0.03152040815652479, "10": 0.029488366397516133, "11": 0.03255401798257651, "12": 0.0303556395743588, "13": 0.03521003324752224, "14": 0.030885783984936188, "15": 0.033438558005271894, "16": 0.03288591073049256, "17": 0.027092059042977432, "18": 0.031450734423586084, "19": 0.0302537987120834, "20": 0.02902991517826356, "21": 0.03016136161627532, "22": 0.02876300641894501, "23": 0.029776644013569577, "24": 0.03282224856874961, "25": 0.03820887811928268, "26": 0.027844299004255935, "27": 0.038756171803470144, "28": 0.03059660290182633, "29": 0.03433544087132996, "30": 0.03254953047710894, "31": 0.035164119767268014}