{"0": 0.024049904858289006, "1": 0.0224686499877153, "2": 0.020298855776143824, "3": 0.025958776539233522, "4": 0.02302968776635184, "5": 0.027123147886377916, "6": 0.02356874438842967, "7": 0.02135880680590252, "8": 0.022150832743080894, "9": 0.022667291781138545, "10": 0.028567227934080255, "11": 0.025609888023476354, "12": 0.02224498988524348, "13": 0.022513250119230558, "14": 0.027580215742555234, "15": 0.026971530249369217, "16": 0.03926948001270996, "17": 0.032617551146780895, "18": 0.043550163968452765, "19": 0.03840562871702322, "20": 0.03388757297403768, "21": 0.03874227827478741, "22": 0.04115047925348475, "23": 0.03936216444535628, "24": 0.04074149725088833, "25": 0.03847874991558127, "26": 0.031222600435928418, "27": 0.038857944937754706, "28": 0.04373380194369448, "29": 0.039007618505762384, "30": 0.03641112479934105, "31": 0.03839954293179832}